{
  "train": [
    {
      "epoch": 1,
      "total": 0.20477823540568352,
      "image": 0.16696324944496155,
      "source": 0.1890749428421259,
      "mu": 2.188002369366586,
      "raw_mse": 0.06822342751547694,
      "zero_mse": 0.004436363524291664,
      "skill": -12.776451826095581
    },
    {
      "epoch": 2,
      "total": 0.1219369824975729,
      "image": 0.10848552361130714,
      "source": 0.06725729443132877,
      "mu": 2.391668178141117,
      "raw_mse": 0.027887850534170866,
      "zero_mse": 0.004436363349668682,
      "skill": -5.387830018997192
    }
  ],
  "val": [
    {
      "epoch": 1,
      "total": 0.15793365240097046,
      "image": 0.15651481598615646,
      "source": 0.007094159489497542,
      "mu": 0.043203746899962425,
      "raw_mse": 0.007715172134339809,
      "zero_mse": 0.006190679967403412,
      "skill": -0.24614965915679932
    },
    {
      "epoch": 2,
      "total": 0.14434028416872025,
      "image": 0.14147522300481796,
      "source": 0.014325272291898727,
      "mu": 0.4941830188035965,
      "raw_mse": 0.01029297336935997,
      "zero_mse": 0.006190679967403412,
      "skill": -0.6627455949783325
    }
  ]
}