{
  "train": [
    {
      "epoch": 1,
      "loss_image": 0.007800810128593674,
      "loss_mu": 0.2579598527115125,
      "loss_source": 0.016374324914067984,
      "loss_src_cons": 0.15044391327179396,
      "loss_src_cons_cycle": 0.14828923344612122,
      "loss_src_cons_variance": 0.0021546793040425447,
      "loss_total": 0.03051583103549022,
      "loss_vdl": 0.7549954684291151,
      "metric_flux_lr": 10.280520805945763,
      "metric_flux_source": 32.41553592681885,
      "metric_lr_redegradation": 2.3854704315845785,
      "metric_multi_image_fraction": 0.64892578125,
      "metric_source_consistency": 110.56950950622559,
      "physics_ramp": 0.5
    },
    {
      "epoch": 2,
      "loss_image": 0.004144412823594534,
      "loss_mu": 0.06537772349726695,
      "loss_source": 0.006289194875325148,
      "loss_src_cons": 0.07689413084433629,
      "loss_src_cons_cycle": 0.0765370990221317,
      "loss_src_cons_variance": 0.0003570313654983273,
      "loss_total": 0.015585868368641688,
      "loss_vdl": 0.3568856515563451,
      "metric_flux_lr": 5.869108750269963,
      "metric_flux_source": 20.106348991394043,
      "metric_lr_redegradation": 1.2485349545112023,
      "metric_multi_image_fraction": 0.64892578125,
      "metric_source_consistency": 41.45502501267653,
      "physics_ramp": 1.0
    },
    {
      "epoch": 3,
      "loss_image": 0.0037471230697030057,
      "loss_mu": 0.016767534355704602,
      "loss_source": 0.003451379651848513,
      "loss_src_cons": 0.07322242999306092,
      "loss_src_cons_cycle": 0.07278749289420935,
      "loss_src_cons_variance": 0.0004349371805661716,
      "loss_total": 0.01119497511535883,
      "loss_vdl": 0.49484565452887463,
      "metric_flux_lr": 3.9966717775051412,
      "metric_flux_source": 14.396975297194262,
      "metric_lr_redegradation": 1.1287708649268517,
      "metric_multi_image_fraction": 0.64892578125,
      "metric_source_consistency": 23.204686605013332,
      "physics_ramp": 1.0
    },
    {
      "epoch": 4,
      "loss_image": 0.0035931447323841546,
      "loss_mu": 0.011144900515388984,
      "loss_source": 0.0022414884521052814,
      "loss_src_cons": 0.07227970344515947,
      "loss_src_cons_cycle": 0.07185529458981293,
      "loss_src_cons_variance": 0.0004244084299828571,
      "loss_total": 0.009671516286639066,
      "loss_vdl": 0.5893796882950343,
      "metric_flux_lr": 3.008877699191754,
      "metric_flux_source": 11.254321941962608,
      "metric_lr_redegradation": 1.0831599097985487,
      "metric_multi_image_fraction": 0.64892578125,
      "metric_source_consistency": 15.021952115572416,
      "physics_ramp": 1.0
    },
    {
      "epoch": 5,
      "loss_image": 0.003549355144899052,
      "loss_mu": 0.013151238296324244,
      "loss_source": 0.0018879177290588045,
      "loss_src_cons": 0.06954624933692125,
      "loss_src_cons_cycle": 0.06911928607867314,
      "loss_src_cons_variance": 0.0004269644168044369,
      "loss_total": 0.009177610349769775,
      "loss_vdl": 0.617346472465075,
      "metric_flux_lr": 2.5669078460106483,
      "metric_flux_source": 10.038981474362886,
      "metric_lr_redegradation": 1.0690564008859487,
      "metric_multi_image_fraction": 0.64892578125,
      "metric_source_consistency": 12.801243451925425,
      "physics_ramp": 1.0
    },
    {
      "epoch": 6,
      "loss_image": 0.003549130714068619,
      "loss_mu": 0.015824247312803682,
      "loss_source": 0.0018172443378716707,
      "loss_src_cons": 0.06840971427468154,
      "loss_src_cons_cycle": 0.0679821357704126,
      "loss_src_cons_variance": 0.0004275782915871017,
      "loss_total": 0.009103345756347362,
      "loss_vdl": 0.6263863037411983,
      "metric_flux_lr": 2.41805153626662,
      "metric_flux_source": 9.659616818794838,
      "metric_lr_redegradation": 1.0670249141179597,
      "metric_multi_image_fraction": 0.64892578125,
      "metric_source_consistency": 11.94041032057542,
      "physics_ramp": 1.0
    },
    {
      "epoch": 7,
      "loss_image": 0.0034280492243571924,
      "loss_mu": 0.015826713231105644,
      "loss_source": 0.0009744451101421594,
      "loss_src_cons": 0.06547379536697498,
      "loss_src_cons_cycle": 0.0649728153187495,
      "loss_src_cons_variance": 0.0005009803023243037,
      "loss_total": 0.007992718494139038,
      "loss_vdl": 0.7423250852869108,
      "metric_flux_lr": 1.3759784675561464,
      "metric_flux_source": 6.17011050077585,
      "metric_lr_redegradation": 1.0324396170102632,
      "metric_multi_image_fraction": 0.64892578125,
      "metric_source_consistency": 6.289992094039917,
      "physics_ramp": 1.0
    },
    {
      "epoch": 8,
      "loss_image": 0.003403679781163541,
      "loss_mu": 0.007669020712805482,
      "loss_source": 0.0007715260927887777,
      "loss_src_cons": 0.0648349248445951,
      "loss_src_cons_cycle": 0.06430969903102288,
      "loss_src_cons_variance": 0.0005252248923240516,
      "loss_total": 0.007570332578884868,
      "loss_vdl": 0.7686740635679319,
      "metric_flux_lr": 1.1494541947658246,
      "metric_flux_source": 5.334521293640137,
      "metric_lr_redegradation": 1.024316934438852,
      "metric_multi_image_fraction": 0.64892578125,
      "metric_source_consistency": 5.121921484286968,
      "physics_ramp": 1.0
    },
    {
      "epoch": 9,
      "loss_image": 0.003342172336907914,
      "loss_mu": 0.007841249820418082,
      "loss_source": 0.0003417384516349277,
      "loss_src_cons": 0.06250477152375075,
      "loss_src_cons_cycle": 0.061748228394068204,
      "loss_src_cons_variance": 0.0007565424177580728,
      "loss_total": 0.006965974417443459,
      "loss_vdl": 0.8796101585030556,
      "metric_flux_lr": 0.5386841400311544,
      "metric_flux_source": 2.4708769734089193,
      "metric_lr_redegradation": 1.0068462491035461,
      "metric_multi_image_fraction": 0.64892578125,
      "metric_source_consistency": 2.241780551580282,
      "physics_ramp": 1.0
    },
    {
      "epoch": 10,
      "loss_image": 0.0033458223244032036,
      "loss_mu": 0.009049655565132316,
      "loss_source": 0.00034172823283230315,
      "loss_src_cons": 0.06154399494139048,
      "loss_src_cons_cycle": 0.06070351614975012,
      "loss_src_cons_variance": 0.0008404790737236348,
      "loss_total": 0.0069457435299857305,
      "loss_vdl": 0.8824449491042358,
      "metric_flux_lr": 0.5622829680259411,
      "metric_flux_source": 2.387048359100635,
      "metric_lr_redegradation": 1.0064464990909283,
      "metric_multi_image_fraction": 0.64892578125,
      "metric_source_consistency": 2.2521298023370595,
      "physics_ramp": 1.0
    }
  ],
  "val": [
    {
      "epoch": 1,
      "loss_image": 0.0052616728300398045,
      "loss_mu": 0.08262373236092654,
      "loss_source": 0.013829836791211908,
      "loss_src_cons": 0.08559342270547693,
      "loss_src_cons_cycle": 0.08527084439992905,
      "loss_src_cons_variance": 0.0003225776335139844,
      "loss_total": 0.022057582878253677,
      "loss_vdl": 0.20798768001523885,
      "metric_flux_lr": 9.657111688093705,
      "metric_flux_source": 29.99713134765625,
      "metric_lr_redegradation": 1.5720169869336216,
      "metric_multi_image_fraction": 0.64892578125,
      "metric_source_consistency": 93.1771635575728,
      "physics_ramp": 0.5
    },
    {
      "epoch": 2,
      "loss_image": 0.004147955301133069,
      "loss_mu": 0.013685160993852398,
      "loss_source": 0.005817577920176766,
      "loss_src_cons": 0.07518122142011469,
      "loss_src_cons_cycle": 0.07493291930718855,
      "loss_src_cons_variance": 0.00024830163139003247,
      "loss_total": 0.0139982978051359,
      "loss_vdl": 0.3743955045938492,
      "metric_flux_lr": 5.646106373180043,
      "metric_flux_source": 18.607155539772727,
      "metric_lr_redegradation": 1.2368355664339932,
      "metric_multi_image_fraction": 0.64892578125,
      "metric_source_consistency": 39.18871359391646,
      "physics_ramp": 1.0
    },
    {
      "epoch": 3,